"Move In","In Time","Move Out","Out Time"
"1","2024-07-04 13:05","1","2024-07-04 13:04"
"2","2024-07-04 13:05","2","2024-07-04 13:05"
"3","2024-07-04 13:05","3","2024-07-04 13:05"
"4","2024-07-04 13:06","4","2024-07-04 13:05"
"5","2024-07-04 13:09","5","2024-07-04 13:05"
"6","2024-07-04 13:10","6","2024-07-04 13:06"
"7","2024-07-04 13:10","7","2024-07-04 13:06"
"8","2024-07-04 13:10","8","2024-07-04 13:06"
"9","2024-07-04 13:10","9","2024-07-04 13:09"
"10","2024-07-04 13:15","10","2024-07-04 13:30"
"11","2024-07-04 13:15","11","2024-07-04 13:30"
"12","2024-07-04 13:15","12","2024-07-04 13:33"
"13","2024-07-04 13:16","13","2024-07-04 13:33"
"14","2024-07-04 13:16","14","2024-07-04 13:36"
"15","2024-07-04 13:16","",""
"16","2024-07-04 13:16","",""
"17","2024-07-04 13:21","",""
"18","2024-07-04 13:23","",""
"19","2024-07-04 13:23","",""
"20","2024-07-04 13:32","",""
"21","2024-07-04 13:32","",""
"22","2024-07-04 13:33","",""
"23","2024-07-04 13:33","",""
"24","2024-07-04 13:34","",""
"25","2024-07-04 13:35","",""
"26","2024-07-04 13:37","",""
"27","2024-07-04 13:37","",""
"28","2024-07-04 13:39","",""
"29","2024-07-04 13:39","",""
